{
  "camera_matrix": [
    [
      4515.656164842578,
      0.0,
      655.3593246001004
    ],
    [
      0.0,
      2639.750511138833,
      613.6948967409485
    ],
    [
      0.0,
      0.0,
      1.0
    ]
  ],
  "distortion_coefficients": [
    [
      -11.957538109215294,
      151.88153265943095,
      0.014795415622692553,
      0.16093391232756118,
      -520.6158373063736
    ]
  ],
  "reprojection_error": 184.852068415136,
  "image_size": [
    1920,
    1080
  ],
  "grid_size_mm": [
    47.0,
    47.0
  ]
}